Id,CaseNumber,ReportYear,ReportMonth,FirstName,LastName,FileLink,LastPublishDate,RedactedClosingReportFileName
214,201804621,2019,12,Jonathan,Cancel,https://www1.nyc.gov/assets/ccrb/downloads/pdf/complaints/complaint-outcomes/redacted-departure-letters/201804621_Tax963894_RedactedDepartureLetter.pdf,02/01/2024,201804621_RedactedClosingReport.pdf
213,201804621,2019,12,Robert,Delaney,https://www1.nyc.gov/assets/ccrb/downloads/pdf/complaints/complaint-outcomes/redacted-departure-letters/201804621_Tax957525_RedactedDepartureLetter.pdf,02/01/2024,201804621_RedactedClosingReport.pdf
215,201804810,2019,12,Carl,Scogmanillo,https://www1.nyc.gov/assets/ccrb/downloads/pdf/complaints/complaint-outcomes/redacted-departure-letters/201804810_Tax940723_RedactedDepartureLetter.pdf,02/01/2024,201804810_RedactedClosingReport.pdf
216,201805247,2019,12,Andrew,Cummings,https://www1.nyc.gov/assets/ccrb/downloads/pdf/complaints/complaint-outcomes/redacted-departure-letters/201805247_Tax956559_RedactedDepartureLetter.pdf,02/01/2024,201805247_RedactedClosingReport.pdf
218,201805295,2019,12,Satinderpa,Singh,https://www1.nyc.gov/assets/ccrb/downloads/pdf/complaints/complaint-outcomes/redacted-departure-letters/201805295_Tax955500_RedactedDepartureLetter.pdf,02/01/2024,201805295_RedactedClosingReport.pdf
217,201805295,2019,12,Kiel,Sui,https://www1.nyc.gov/assets/ccrb/downloads/pdf/complaints/complaint-outcomes/redacted-departure-letters/201805295_Tax952274_RedactedDepartureLetter.pdf,02/01/2024,201805295_RedactedClosingReport.pdf
210,201806187,2020,1,Nicholas,Kourounis,https://www1.nyc.gov/assets/ccrb/downloads/pdf/complaints/complaint-outcomes/redacted-departure-letters/201806187_Tax954029_RedactedDepartureLetter.pdf,02/01/2024,201806187_RedactedClosingReport.pdf
211,201806187,2020,1,Konti,Markvukaj,https://www1.nyc.gov/assets/ccrb/downloads/pdf/complaints/complaint-outcomes/redacted-departure-letters/201806187_Tax956883_RedactedDepartureLetter.pdf,02/01/2024,201806187_RedactedClosingReport.pdf
220,201806458,2019,12,Merita,Hoxha,https://www1.nyc.gov/assets/ccrb/downloads/pdf/complaints/complaint-outcomes/redacted-departure-letters/201806458_Tax955988_RedactedDepartureLetter.pdf,02/01/2024,201806458_RedactedClosingReport.pdf
219,201806458,2019,12,Victor,Velez,https://www1.nyc.gov/assets/ccrb/downloads/pdf/complaints/complaint-outcomes/redacted-departure-letters/201806458_Tax943924_RedactedDepartureLetter.pdf,02/01/2024,201806458_RedactedClosingReport.pdf
179,201806460,2020,4,Evelyn,Oropezazuniga,https://www1.nyc.gov/assets/ccrb/downloads/pdf/complaints/complaint-outcomes/redacted-departure-letters/201806460_Tax961039_RedactedDepartureLetter.pdf,02/01/2024,201806460_RedactedClosingReport.pdf
180,201806460,2020,4,Kyle,Ting,https://www1.nyc.gov/assets/ccrb/downloads/pdf/complaints/complaint-outcomes/redacted-departure-letters/201806460_Tax961372_RedactedDepartureLetter.pdf,02/01/2024,201806460_RedactedClosingReport.pdf
212,201806477,2020,1,Ilan,Marhasin,https://www1.nyc.gov/assets/ccrb/downloads/pdf/complaints/complaint-outcomes/redacted-departure-letters/201806477_Tax958873_RedactedDepartureLetter.pdf,02/01/2024,201806477_RedactedClosingReport.pdf
201,201806532,2020,2,James,Titus,https://www1.nyc.gov/assets/ccrb/downloads/pdf/complaints/complaint-outcomes/redacted-departure-letters/201806532_Tax947544_RedactedDepartureLetter.pdf,02/01/2024,201806532_RedactedClosingReport.pdf
30,201806550,2023,5,Andrei,Nijnic,https://www1.nyc.gov/assets/ccrb/downloads/pdf/complaints/complaint-outcomes/redacted-departure-letters/201806550_Tax961005_RedactedDepartureLetter.pdf,02/01/2024,201806550_RedactedClosingReport.pdf
202,201806938,2020,2,Willem,Edouard,https://www1.nyc.gov/assets/ccrb/downloads/pdf/complaints/complaint-outcomes/redacted-departure-letters/201806938_Tax960490_RedactedDepartureLetter.pdf,02/01/2024,201806938_RedactedClosingReport.pdf
203,201807080,2020,2,Manuel,Martinez,https://www1.nyc.gov/assets/ccrb/downloads/pdf/complaints/complaint-outcomes/redacted-departure-letters/201807080_Tax955136_RedactedDepartureLetter.pdf,02/01/2024,201807080_RedactedClosingReport.pdf
205,201807212,2020,2,Rawn,Browne,https://www1.nyc.gov/assets/ccrb/downloads/pdf/complaints/complaint-outcomes/redacted-departure-letters/201807212_Tax963419_RedactedDepartureLetter.pdf,02/01/2024,201807212_RedactedClosingReport.pdf
204,201807212,2020,2,Hector,Vargas,https://www1.nyc.gov/assets/ccrb/downloads/pdf/complaints/complaint-outcomes/redacted-departure-letters/201807212_Tax911407_RedactedDepartureLetter.pdf,02/01/2024,201807212_RedactedClosingReport.pdf
206,201807266,2020,2,Johnanthon,Alexander,https://www1.nyc.gov/assets/ccrb/downloads/pdf/complaints/complaint-outcomes/redacted-departure-letters/201807266_Tax927841_RedactedDepartureLetter.pdf,02/01/2024,201807266_RedactedClosingReport.pdf
207,201807283,2020,2,Tiffany,Bruce,https://www1.nyc.gov/assets/ccrb/downloads/pdf/complaints/complaint-outcomes/redacted-departure-letters/201807283_Tax944211_RedactedDepartureLetter.pdf,02/01/2024,201807283_RedactedClosingReport.pdf
181,201807314,2020,4,Michal,Jalbrzykowski,https://www1.nyc.gov/assets/ccrb/downloads/pdf/complaints/complaint-outcomes/redacted-departure-letters/201807314_Tax959710_RedactedDepartureLetter.pdf,02/01/2024,201807314_RedactedClosingReport.pdf
182,201807314,2020,4,Tejinder,Singh,https://www1.nyc.gov/assets/ccrb/downloads/pdf/complaints/complaint-outcomes/redacted-departure-letters/201807314_Tax959992_RedactedDepartureLetter.pdf,02/01/2024,201807314_RedactedClosingReport.pdf
208,201807353,2020,2,Jason,Brown,https://www1.nyc.gov/assets/ccrb/downloads/pdf/complaints/complaint-outcomes/redacted-departure-letters/201807353_Tax950110_RedactedDepartureLetter.pdf,02/01/2024,201807353_RedactedClosingReport.pdf
196,201807668,2020,3,Anthony,Donato,https://www1.nyc.gov/assets/ccrb/downloads/pdf/complaints/complaint-outcomes/redacted-departure-letters/201807668_Tax948904_RedactedDepartureLetter.pdf,02/01/2024,201807668_RedactedClosingReport.pdf
197,201807690,2020,3,Kevin,Mccarthy,https://www1.nyc.gov/assets/ccrb/downloads/pdf/complaints/complaint-outcomes/redacted-departure-letters/201807690_Tax949290_RedactedDepartureLetter.pdf,02/01/2024,201807690_RedactedClosingReport.pdf
159,201807794,2021,8,John,Diaz,https://www1.nyc.gov/assets/ccrb/downloads/pdf/complaints/complaint-outcomes/redacted-departure-letters/201807794_Tax948884_RedactedDepartureLetter.pdf,02/01/2024,201807794_RedactedClosingReport.pdf
160,201807794,2021,8,Carlos,Pacheco,https://www1.nyc.gov/assets/ccrb/downloads/pdf/complaints/complaint-outcomes/redacted-departure-letters/201807794_Tax956145_RedactedDepartureLetter.pdf,02/01/2024,201807794_RedactedClosingReport.pdf
183,201808002,2020,4,Kevin,Kenny,https://www1.nyc.gov/assets/ccrb/downloads/pdf/complaints/complaint-outcomes/redacted-departure-letters/201808002_Tax921461_RedactedDepartureLetter.pdf,02/01/2024,201808002_RedactedClosingReport.pdf
184,201808002,2020,4,Brian,Mahon,https://www1.nyc.gov/assets/ccrb/downloads/pdf/complaints/complaint-outcomes/redacted-departure-letters/201808002_Tax955116_RedactedDepartureLetter.pdf,02/01/2024,201808002_RedactedClosingReport.pdf
185,201808018,2020,4,Luis,Rodriguez,https://www1.nyc.gov/assets/ccrb/downloads/pdf/complaints/complaint-outcomes/redacted-departure-letters/201808018_Tax926441_RedactedDepartureLetter.pdf,02/01/2024,201808018_RedactedClosingReport.pdf
198,201808152,2020,3,Russell,Lewis,https://www1.nyc.gov/assets/ccrb/downloads/pdf/complaints/complaint-outcomes/redacted-departure-letters/201808152_Tax927082_RedactedDepartureLetter.pdf,02/01/2024,201808152_RedactedClosingReport.pdf
199,201808612,2020,3,Charles,Arnone,https://www1.nyc.gov/assets/ccrb/downloads/pdf/complaints/complaint-outcomes/redacted-departure-letters/201808612_Tax950021_RedactedDepartureLetter.pdf,02/01/2024,201808612_RedactedClosingReport.pdf
186,201808628,2020,4,Ryan,Jones,https://www1.nyc.gov/assets/ccrb/downloads/pdf/complaints/complaint-outcomes/redacted-departure-letters/201808628_Tax956781_RedactedDepartureLetter.pdf,02/01/2024,201808628_RedactedClosingReport.pdf
187,201808784,2020,4,Christian,Cayenne,https://www1.nyc.gov/assets/ccrb/downloads/pdf/complaints/complaint-outcomes/redacted-departure-letters/201808784_Tax954620_RedactedDepartureLetter.pdf,02/01/2024,201808784_RedactedClosingReport.pdf
189,201808784,2020,4,Matthew,Kelly,https://www1.nyc.gov/assets/ccrb/downloads/pdf/complaints/complaint-outcomes/redacted-departure-letters/201808784_Tax960754_RedactedDepartureLetter.pdf,02/01/2024,201808784_RedactedClosingReport.pdf
188,201808784,2020,4,Matthew,Sabella,https://www1.nyc.gov/assets/ccrb/downloads/pdf/complaints/complaint-outcomes/redacted-departure-letters/201808784_Tax955429_RedactedDepartureLetter.pdf,02/01/2024,201808784_RedactedClosingReport.pdf
190,201808925,2020,4,Michael,Straniere,https://www1.nyc.gov/assets/ccrb/downloads/pdf/complaints/complaint-outcomes/redacted-departure-letters/201808925_Tax933391_RedactedDepartureLetter.pdf,02/01/2024,201808925_RedactedClosingReport.pdf
191,201809275,2020,4,Christophe,Pierre,https://www1.nyc.gov/assets/ccrb/downloads/pdf/complaints/complaint-outcomes/redacted-departure-letters/201809275_Tax962014_RedactedDepartureLetter.pdf,02/01/2024,201809275_RedactedClosingReport.pdf
171,201809730,2020,12,John,Brennan,https://www1.nyc.gov/assets/ccrb/downloads/pdf/complaints/complaint-outcomes/redacted-departure-letters/201809730_Tax960275_RedactedDepartureLetter.pdf,02/01/2024,201809730_RedactedClosingReport.pdf
170,201809730,2020,12,Leonardo,Viera,https://www1.nyc.gov/assets/ccrb/downloads/pdf/complaints/complaint-outcomes/redacted-departure-letters/201809730_Tax946369_RedactedDepartureLetter.pdf,02/01/2024,201809730_RedactedClosingReport.pdf
177,201809797,2020,5,Marc,Fontana,https://www1.nyc.gov/assets/ccrb/downloads/pdf/complaints/complaint-outcomes/redacted-departure-letters/201809797_Tax951741_RedactedDepartureLetter.pdf,02/01/2024,201809797_RedactedClosingReport.pdf
209,201810201,2020,2,Christian,Cayenne,https://www1.nyc.gov/assets/ccrb/downloads/pdf/complaints/complaint-outcomes/redacted-departure-letters/201810201_Tax954620_RedactedDepartureLetter.pdf,02/01/2024,201810201_RedactedClosingReport.pdf
178,201810384,2020,5,Gesner,Charles,https://www1.nyc.gov/assets/ccrb/downloads/pdf/complaints/complaint-outcomes/redacted-departure-letters/201810384_Tax925061_RedactedDepartureLetter.pdf,02/01/2024,201810384_RedactedClosingReport.pdf
176,201810824,2020,6,Edwin,Lau,https://www1.nyc.gov/assets/ccrb/downloads/pdf/complaints/complaint-outcomes/redacted-departure-letters/201810824_Tax950730_RedactedDepartureLetter.pdf,02/01/2024,201810824_RedactedClosingReport.pdf
192,201900465,2020,4,Adam,Tomaszewski,https://www1.nyc.gov/assets/ccrb/downloads/pdf/complaints/complaint-outcomes/redacted-departure-letters/201900465_Tax935855_RedactedDepartureLetter.pdf,02/01/2024,201900465_RedactedClosingReport.pdf
193,201901734,2020,4,Jorge,Flores,https://www1.nyc.gov/assets/ccrb/downloads/pdf/complaints/complaint-outcomes/redacted-departure-letters/201901734_Tax954816_RedactedDepartureLetter.pdf,02/01/2024,201901734_RedactedClosingReport.pdf
194,201901734,2020,4,Vincent,Mauro,https://www1.nyc.gov/assets/ccrb/downloads/pdf/complaints/complaint-outcomes/redacted-departure-letters/201901734_Tax958892_RedactedDepartureLetter.pdf,02/01/2024,201901734_RedactedClosingReport.pdf
174,201901982,2020,8,Faisal,Ejaz,https://www1.nyc.gov/assets/ccrb/downloads/pdf/complaints/complaint-outcomes/redacted-departure-letters/201901982_Tax948019_RedactedDepartureLetter.pdf,02/01/2024,201901982_RedactedClosingReport.pdf
175,201901982,2020,8,Waqas,Shabir,https://www1.nyc.gov/assets/ccrb/downloads/pdf/complaints/complaint-outcomes/redacted-departure-letters/201901982_Tax959979_RedactedDepartureLetter.pdf,02/01/2024,201901982_RedactedClosingReport.pdf
200,201902829,2020,3,Jose,Santory,https://www1.nyc.gov/assets/ccrb/downloads/pdf/complaints/complaint-outcomes/redacted-departure-letters/201902829_Tax941398_RedactedDepartureLetter.pdf,02/01/2024,201902829_RedactedClosingReport.pdf
195,201903126,2020,4,David,Damico,https://www1.nyc.gov/assets/ccrb/downloads/pdf/complaints/complaint-outcomes/redacted-departure-letters/201903126_Tax957509_RedactedDepartureLetter.pdf,02/01/2024,201903126_RedactedClosingReport.pdf
169,201903895,2021,6,Dan,Ast,https://www1.nyc.gov/assets/ccrb/downloads/pdf/complaints/complaint-outcomes/redacted-departure-letters/201903895_Tax936151_RedactedDepartureLetter.pdf,02/01/2024,201903895_RedactedClosingReport.pdf
168,201903895,2021,6,Alfredo,Brewster,https://www1.nyc.gov/assets/ccrb/downloads/pdf/complaints/complaint-outcomes/redacted-departure-letters/201903895_Tax933655_RedactedDepartureLetter.pdf,02/01/2024,201903895_RedactedClosingReport.pdf
163,201904816,2021,7,Harry,Delacruz,https://www1.nyc.gov/assets/ccrb/downloads/pdf/complaints/complaint-outcomes/redacted-departure-letters/201904816_Tax941272_RedactedDepartureLetter.pdf,02/01/2024,201904816_RedactedClosingReport.pdf
172,201905096,2020,11,Scott,Hampton,https://www1.nyc.gov/assets/ccrb/downloads/pdf/complaints/complaint-outcomes/redacted-departure-letters/201905096_Tax960635_RedactedDepartureLetter.pdf,02/01/2024,201905096_RedactedClosingReport.pdf
173,201905096,2020,11,Arkim,Jordan,https://www1.nyc.gov/assets/ccrb/downloads/pdf/complaints/complaint-outcomes/redacted-departure-letters/201905096_Tax964080_RedactedDepartureLetter.pdf,02/01/2024,201905096_RedactedClosingReport.pdf
166,201905111,2021,7,Ronald,Kennedy,https://www1.nyc.gov/assets/ccrb/downloads/pdf/complaints/complaint-outcomes/redacted-departure-letters/201905111_Tax964087_RedactedDepartureLetter.pdf,02/01/2024,201905111_RedactedClosingReport.pdf
164,201905111,2021,7,Francisco,Lopez,https://www1.nyc.gov/assets/ccrb/downloads/pdf/complaints/complaint-outcomes/redacted-departure-letters/201905111_Tax935203_RedactedDepartureLetter.pdf,02/01/2024,201905111_RedactedClosingReport.pdf
165,201905111,2021,7,Robert,Uribe,https://www1.nyc.gov/assets/ccrb/downloads/pdf/complaints/complaint-outcomes/redacted-departure-letters/201905111_Tax937662_RedactedDepartureLetter.pdf,02/01/2024,201905111_RedactedClosingReport.pdf
161,201906066,2021,8,Joshua,Acosta,https://www1.nyc.gov/assets/ccrb/downloads/pdf/complaints/complaint-outcomes/redacted-departure-letters/201906066_Tax955705_RedactedDepartureLetter.pdf,02/01/2024,
154,201906434,2021,9,Christian,Carlin,https://www1.nyc.gov/assets/ccrb/downloads/pdf/complaints/complaint-outcomes/redacted-departure-letters/201906434_Tax941501_RedactedDepartureLetter.pdf,02/01/2024,201906434_RedactedClosingReport.pdf
155,201906434,2021,9,Jonathan,Connors,https://www1.nyc.gov/assets/ccrb/downloads/pdf/complaints/complaint-outcomes/redacted-departure-letters/201906434_Tax966000_RedactedDepartureLetter.pdf,02/01/2024,201906434_RedactedClosingReport.pdf
167,201907132,2021,7,William,Glynn,https://www1.nyc.gov/assets/ccrb/downloads/pdf/complaints/complaint-outcomes/redacted-departure-letters/201907132_Tax932718_RedactedDepartureLetter.pdf,02/01/2024,201907132_RedactedClosingReport.pdf
158,201907279,2021,9,Wilson,Chan,https://www1.nyc.gov/assets/ccrb/downloads/pdf/complaints/complaint-outcomes/redacted-departure-letters/201907279_Tax952572_RedactedDepartureLetter.pdf,02/01/2024,201907279_RedactedClosingReport.pdf
156,201907279,2021,9,Andrea,Cicillini,https://www1.nyc.gov/assets/ccrb/downloads/pdf/complaints/complaint-outcomes/redacted-departure-letters/201907279_Tax941195_RedactedDepartureLetter.pdf,02/01/2024,201907279_RedactedClosingReport.pdf
157,201907279,2021,9,Robert,Hyland,https://www1.nyc.gov/assets/ccrb/downloads/pdf/complaints/complaint-outcomes/redacted-departure-letters/201907279_Tax951836_RedactedDepartureLetter.pdf,02/01/2024,201907279_RedactedClosingReport.pdf
146,201907293,2021,10,Joshua,Zucker,https://www1.nyc.gov/assets/ccrb/downloads/pdf/complaints/complaint-outcomes/redacted-departure-letters/201907293_Tax958202_RedactedDepartureLetter.pdf,02/01/2024,201907293_RedactedClosingReport.pdf
147,201907695,2021,10,Frank,Aliffi,https://www1.nyc.gov/assets/ccrb/downloads/pdf/complaints/complaint-outcomes/redacted-departure-letters/201907695_Tax939856_RedactedDepartureLetter.pdf,02/01/2024,201907695_RedactedClosingReport.pdf
148,201908292,2021,10,Manish,Sharma,https://www1.nyc.gov/assets/ccrb/downloads/pdf/complaints/complaint-outcomes/redacted-departure-letters/201908292_Tax949656_RedactedDepartureLetter.pdf,02/01/2024,201908292_RedactedClosingReport.pdf
142,201908495,2021,11,Brian,Hirschman,https://www1.nyc.gov/assets/ccrb/downloads/pdf/complaints/complaint-outcomes/redacted-departure-letters/201908495_Tax931734_RedactedDepartureLetter.pdf,02/01/2024,201908495_RedactedClosingReport.pdf
143,201908507,2021,11,James,Moore,https://www1.nyc.gov/assets/ccrb/downloads/pdf/complaints/complaint-outcomes/redacted-departure-letters/201908507_Tax932939_RedactedDepartureLetter.pdf,02/01/2024,201908507_RedactedClosingReport.pdf
162,201908620,2021,8,Daniel,Leboff,https://www1.nyc.gov/assets/ccrb/downloads/pdf/complaints/complaint-outcomes/redacted-departure-letters/201908620_Tax958803_RedactedDepartureLetter.pdf,02/01/2024,201908620_RedactedClosingReport.pdf
150,201908640,2021,10,Rudy,Anzalone,https://www1.nyc.gov/assets/ccrb/downloads/pdf/complaints/complaint-outcomes/redacted-departure-letters/201908640_Tax945472_RedactedDepartureLetter.pdf,02/01/2024,201908640_RedactedClosingReport.pdf
149,201908640,2021,10,Anthony,Bentivegna,https://www1.nyc.gov/assets/ccrb/downloads/pdf/complaints/complaint-outcomes/redacted-departure-letters/201908640_Tax878931_RedactedDepartureLetter.pdf,02/01/2024,201908640_RedactedClosingReport.pdf
144,201908809,2021,11,Joshua,Acosta,https://www1.nyc.gov/assets/ccrb/downloads/pdf/complaints/complaint-outcomes/redacted-departure-letters/201908809_Tax955705_RedactedDepartureLetter.pdf,02/01/2024,201908809_RedactedClosingReport.pdf
145,201908809,2021,11,Michael,DeFilippo,https://www1.nyc.gov/assets/ccrb/downloads/pdf/complaints/complaint-outcomes/redacted-departure-letters/201908809_Tax956575_RedactedDepartureLetter.pdf,02/01/2024,201908809_RedactedClosingReport.pdf
152,201908824,2021,10,Christophe,Castle,https://www1.nyc.gov/assets/ccrb/downloads/pdf/complaints/complaint-outcomes/redacted-departure-letters/201908824_Tax928041_RedactedDepartureLetter.pdf,02/01/2024,201908824_RedactedClosingReport.pdf
151,201908824,2021,10,Richard,Thompson,https://www1.nyc.gov/assets/ccrb/downloads/pdf/complaints/complaint-outcomes/redacted-departure-letters/201908824_Tax902473_RedactedDepartureLetter.pdf,02/01/2024,201908824_RedactedClosingReport.pdf
130,202001357,2022,3,Juan,Trinidad,https://www1.nyc.gov/assets/ccrb/downloads/pdf/complaints/complaint-outcomes/redacted-departure-letters/202001357_Tax960034_RedactedDepartureLetter.pdf,02/01/2024,
119,202001702,2022,4,Thomas,Lyons,https://www1.nyc.gov/assets/ccrb/downloads/pdf/complaints/complaint-outcomes/redacted-departure-letters/202001702_Tax946517_RedactedDepartureLetter.pdf,02/01/2024,202001702_RedactedClosingReport.pdf
120,202001855,2022,4,Nicholas,Cardieri,https://www1.nyc.gov/assets/ccrb/downloads/pdf/complaints/complaint-outcomes/redacted-departure-letters/202001855_Tax965968_RedactedDepartureLetter.pdf,02/01/2024,202001855_RedactedClosingReport.pdf
121,202001952,2022,4,Jamal,Moye,https://www1.nyc.gov/assets/ccrb/downloads/pdf/complaints/complaint-outcomes/redacted-departure-letters/202001952_Tax958958_RedactedDepartureLetter.pdf,02/01/2024,
131,202001961,2022,3,Kit,Yung,https://www1.nyc.gov/assets/ccrb/downloads/pdf/complaints/complaint-outcomes/redacted-departure-letters/202001961_Tax942737_RedactedDepartureLetter.pdf,02/01/2024,202001961_RedactedClosingReport.pdf
137,202003650,2021,12,Robert,Divers,https://www1.nyc.gov/assets/ccrb/downloads/pdf/complaints/complaint-outcomes/redacted-departure-letters/202003650_Tax957551_RedactedDepartureLetter.pdf,02/01/2024,202003650_RedactedClosingReport.pdf
132,202003707,2022,3,Mohamed,Elhanafi,https://www1.nyc.gov/assets/ccrb/downloads/pdf/complaints/complaint-outcomes/redacted-departure-letters/202003707_Tax955897_RedactedDepartureLetter.pdf,02/01/2024,202003707_RedactedClosingReport.pdf
139,202003712,2021,12,Joshua,Jiminez,https://www1.nyc.gov/assets/ccrb/downloads/pdf/complaints/complaint-outcomes/redacted-departure-letters/202003712_Tax963583_RedactedDepartureLetter.pdf,02/01/2024,202003712_RedactedClosingReport.pdf
138,202003712,2021,12,James,Mccarthy,https://www1.nyc.gov/assets/ccrb/downloads/pdf/complaints/complaint-outcomes/redacted-departure-letters/202003712_Tax885671_RedactedDepartureLetter.pdf,02/01/2024,202003712_RedactedClosingReport.pdf
97,202003717,2022,7,Ronald,Ramos,https://www1.nyc.gov/assets/ccrb/downloads/pdf/complaints/complaint-outcomes/redacted-departure-letters/202003717_Tax935562_RedactedDepartureLetter.pdf,02/01/2024,202003717_RedactedClosingReport.pdf
116,202003805,2022,5,Brandon,Patane,https://www1.nyc.gov/assets/ccrb/downloads/pdf/complaints/complaint-outcomes/redacted-departure-letters/202003805_Tax961077_RedactedDepartureLetter.pdf,02/01/2024,202003805_RedactedClosingReport.pdf
115,202003805,2022,5,Miguel,Vanbrakle,https://www1.nyc.gov/assets/ccrb/downloads/pdf/complaints/complaint-outcomes/redacted-departure-letters/202003805_Tax955616_RedactedDepartureLetter.pdf,02/01/2024,202003805_RedactedClosingReport.pdf
133,202003842,2022,3,Amel,Cirikovic,https://www1.nyc.gov/assets/ccrb/downloads/pdf/complaints/complaint-outcomes/redacted-departure-letters/202003842_Tax958411_RedactedDepartureLetter.pdf,02/01/2024,202003842_RedactedClosingReport.pdf
140,202004123,2021,12,Robert,Rufrano,https://www1.nyc.gov/assets/ccrb/downloads/pdf/complaints/complaint-outcomes/redacted-departure-letters/202004123_Tax961209_RedactedDepartureLetter.pdf,02/01/2024,
141,202004300,2021,12,Ali,Hassan,https://www1.nyc.gov/assets/ccrb/downloads/pdf/complaints/complaint-outcomes/redacted-departure-letters/202004300_Tax960642_RedactedDepartureLetter.pdf,02/01/2024,202004300_RedactedClosingReport.pdf
134,202004307,2022,3,Christophe,Catalano,https://www1.nyc.gov/assets/ccrb/downloads/pdf/complaints/complaint-outcomes/redacted-departure-letters/202004307_Tax936323_RedactedDepartureLetter.pdf,02/01/2024,
122,202004315,2022,4,David,Lamarre,https://www1.nyc.gov/assets/ccrb/downloads/pdf/complaints/complaint-outcomes/redacted-departure-letters/202004315_Tax947929_RedactedDepartureLetter.pdf,02/01/2024,202004315_RedactedClosingReport.pdf
135,202004474,2022,3,Justin,Adetimirin,https://www1.nyc.gov/assets/ccrb/downloads/pdf/complaints/complaint-outcomes/redacted-departure-letters/202004474_Tax965920_RedactedDepartureLetter.pdf,02/01/2024,202004474_RedactedClosingReport.pdf
117,202004586,2022,5,Glen,Alava,https://www1.nyc.gov/assets/ccrb/downloads/pdf/complaints/complaint-outcomes/redacted-departure-letters/202004586_Tax949977_RedactedDepartureLetter.pdf,02/01/2024,202004586_RedactedClosingReport.pdf
118,202004586,2022,5,Matthew,Ansbro,https://www1.nyc.gov/assets/ccrb/downloads/pdf/complaints/complaint-outcomes/redacted-departure-letters/202004586_Tax954490_RedactedDepartureLetter.pdf,02/01/2024,202004586_RedactedClosingReport.pdf
126,202004800,2022,4,Kachun,Cheung,https://www1.nyc.gov/assets/ccrb/downloads/pdf/complaints/complaint-outcomes/redacted-departure-letters/202004800_Tax963454_RedactedDepartureLetter.pdf,02/01/2024,202004800_RedactedClosingReport.pdf
124,202004800,2022,4,Jonathan,Dones,https://www1.nyc.gov/assets/ccrb/downloads/pdf/complaints/complaint-outcomes/redacted-departure-letters/202004800_Tax948203_RedactedDepartureLetter.pdf,02/01/2024,202004800_RedactedClosingReport.pdf
123,202004800,2022,4,Robert,Ohare,https://www1.nyc.gov/assets/ccrb/downloads/pdf/complaints/complaint-outcomes/redacted-departure-letters/202004800_Tax916960_RedactedDepartureLetter.pdf,02/01/2024,202004800_RedactedClosingReport.pdf
125,202004800,2022,4,James,Shouldis,https://www1.nyc.gov/assets/ccrb/downloads/pdf/complaints/complaint-outcomes/redacted-departure-letters/202004800_Tax958068_RedactedDepartureLetter.pdf,02/01/2024,202004800_RedactedClosingReport.pdf
153,202005520,2021,10,Keith,Chatterton,https://www1.nyc.gov/assets/ccrb/downloads/pdf/complaints/complaint-outcomes/redacted-departure-letters/202005520_Tax925067_RedactedDepartureLetter.pdf,02/01/2024,202005520_RedactedClosingReport.pdf
127,202005664,2022,4,Anthony,Buonomo,https://www1.nyc.gov/assets/ccrb/downloads/pdf/complaints/complaint-outcomes/redacted-departure-letters/202005664_Tax954579_RedactedDepartureLetter.pdf,02/01/2024,202005664_RedactedClosingReport.pdf
136,202006547,2022,3,Johnny,Marquez,https://www1.nyc.gov/assets/ccrb/downloads/pdf/complaints/complaint-outcomes/redacted-departure-letters/202006547_Tax960876_RedactedDepartureLetter.pdf,02/01/2024,202006547_RedactedClosingReport.pdf
106,202008197,2022,6,Duvaughn,Clacken,https://www1.nyc.gov/assets/ccrb/downloads/pdf/complaints/complaint-outcomes/redacted-departure-letters/202008197_Tax941564_RedactedDepartureLetter.pdf,02/01/2024,202008197_RedactedClosingReport.pdf
107,202008309,2022,6,Jason,Kwan,https://www1.nyc.gov/assets/ccrb/downloads/pdf/complaints/complaint-outcomes/redacted-departure-letters/202008309_Tax961874_RedactedDepartureLetter.pdf,02/01/2024,202008309_RedactedClosingReport.pdf
98,202100012,2022,7,Harrynson,Lopez,https://www1.nyc.gov/assets/ccrb/downloads/pdf/complaints/complaint-outcomes/redacted-departure-letters/202100012_Tax955086_RedactedDepartureLetter.pdf,02/01/2024,202100012_RedactedClosingReport.pdf
99,202100012,2022,7,Bismal,Tineo,https://www1.nyc.gov/assets/ccrb/downloads/pdf/complaints/complaint-outcomes/redacted-departure-letters/202100012_Tax962135_RedactedDepartureLetter.pdf,02/01/2024,202100012_RedactedClosingReport.pdf
108,202100053,2022,6,Mubbashar,Zahid,https://www1.nyc.gov/assets/ccrb/downloads/pdf/complaints/complaint-outcomes/redacted-departure-letters/202100053_Tax965634_RedactedDepartureLetter.pdf,02/01/2024,202100053_RedactedClosingReport.pdf
109,202100183,2022,6,William,Corchado,https://www1.nyc.gov/assets/ccrb/downloads/pdf/complaints/complaint-outcomes/redacted-departure-letters/202100183_Tax957487_RedactedDepartureLetter.pdf,02/01/2024,202100183_RedactedClosingReport.pdf
110,202100183,2022,6,Freddy,Difo,https://www1.nyc.gov/assets/ccrb/downloads/pdf/complaints/complaint-outcomes/redacted-departure-letters/202100183_Tax957544_RedactedDepartureLetter.pdf,02/01/2024,202100183_RedactedClosingReport.pdf
100,202100292,2022,7,Favio,Quizhpi,https://www1.nyc.gov/assets/ccrb/downloads/pdf/complaints/complaint-outcomes/redacted-departure-letters/202100292_Tax948119_RedactedDepartureLetter.pdf,02/01/2024,
101,202100334,2022,7,Vinicio,Vincenty,https://www1.nyc.gov/assets/ccrb/downloads/pdf/complaints/complaint-outcomes/redacted-departure-letters/202100334_Tax945405_RedactedDepartureLetter.pdf,02/01/2024,202100334_RedactedClosingReport.pdf
102,202100424,2022,7,Declan,Ludington,https://www1.nyc.gov/assets/ccrb/downloads/pdf/complaints/complaint-outcomes/redacted-departure-letters/202100424_Tax953018_RedactedDepartureLetter.pdf,02/01/2024,202100424_RedactedClosingReport.pdf
103,202100434,2022,7,John,Buttacavoli,https://www1.nyc.gov/assets/ccrb/downloads/pdf/complaints/complaint-outcomes/redacted-departure-letters/202100434_Tax918799_RedactedDepartureLetter.pdf,02/01/2024,
104,202100434,2022,7,Ryan,Gaynor,https://www1.nyc.gov/assets/ccrb/downloads/pdf/complaints/complaint-outcomes/redacted-departure-letters/202100434_Tax953901_RedactedDepartureLetter.pdf,02/01/2024,
105,202100619,2022,7,Frank,Bulzoni,https://www1.nyc.gov/assets/ccrb/downloads/pdf/complaints/complaint-outcomes/redacted-departure-letters/202100619_Tax936258_RedactedDepartureLetter.pdf,02/01/2024,202100619_RedactedClosingReport.pdf
80,202100688,2022,11,Tyler,Hanson,https://www1.nyc.gov/assets/ccrb/downloads/pdf/complaints/complaint-outcomes/redacted-departure-letters/202100688_Tax966611_RedactedDepartureLetter.pdf,02/01/2024,202100688_RedactedClosingReport.pdf
79,202100688,2022,11,Gregory,Scott,https://www1.nyc.gov/assets/ccrb/downloads/pdf/complaints/complaint-outcomes/redacted-departure-letters/202100688_Tax961263_RedactedDepartureLetter.pdf,02/01/2024,202100688_RedactedClosingReport.pdf
111,202100819,2022,6,Donald,Evans,https://www1.nyc.gov/assets/ccrb/downloads/pdf/complaints/complaint-outcomes/redacted-departure-letters/202100819_Tax948941_RedactedDepartureLetter.pdf,02/01/2024,202100819_RedactedClosingReport.pdf
112,202100819,2022,6,Shon,Simmons,https://www1.nyc.gov/assets/ccrb/downloads/pdf/complaints/complaint-outcomes/redacted-departure-letters/202100819_Tax952241_RedactedDepartureLetter.pdf,02/01/2024,202100819_RedactedClosingReport.pdf
91,202100875,2022,8,Steven,Ricca,https://www1.nyc.gov/assets/ccrb/downloads/pdf/complaints/complaint-outcomes/redacted-departure-letters/202100875_Tax933249_RedactedDepartureLetter.pdf,02/01/2024,
92,202100965,2022,8,Jason,Schreckenstein,https://www1.nyc.gov/assets/ccrb/downloads/pdf/complaints/complaint-outcomes/redacted-departure-letters/202100965_Tax956247_RedactedDepartureLetter.pdf,02/01/2024,202100965_RedactedClosingReport.pdf
93,202100965,2022,8,Craig,Smith,https://www1.nyc.gov/assets/ccrb/downloads/pdf/complaints/complaint-outcomes/redacted-departure-letters/202100965_Tax956272_RedactedDepartureLetter.pdf,02/01/2024,202100965_RedactedClosingReport.pdf
94,202101013,2022,8,Johnpaul,Catano,https://www1.nyc.gov/assets/ccrb/downloads/pdf/complaints/complaint-outcomes/redacted-departure-letters/202101013_Tax945159_RedactedDepartureLetter.pdf,02/01/2024,202101013_RedactedClosingReport.pdf
95,202101013,2022,8,Jeffrey,Santos,https://www1.nyc.gov/assets/ccrb/downloads/pdf/complaints/complaint-outcomes/redacted-departure-letters/202101013_Tax957133_RedactedDepartureLetter.pdf,02/01/2024,202101013_RedactedClosingReport.pdf
113,202101119,2022,6,Kevin,Donohue,https://www1.nyc.gov/assets/ccrb/downloads/pdf/complaints/complaint-outcomes/redacted-departure-letters/202101119_Tax953824_RedactedDepartureLetter.pdf,02/01/2024,202101119_RedactedClosingReport.pdf
114,202101119,2022,6,Daniel,Mendez,https://www1.nyc.gov/assets/ccrb/downloads/pdf/complaints/complaint-outcomes/redacted-departure-letters/202101119_Tax956922_RedactedDepartureLetter.pdf,02/01/2024,202101119_RedactedClosingReport.pdf
96,202101293,2022,8,Frank,Gagnon,https://www1.nyc.gov/assets/ccrb/downloads/pdf/complaints/complaint-outcomes/redacted-departure-letters/202101293_Tax958610_RedactedDepartureLetter.pdf,02/01/2024,202101293_RedactedClosingReport.pdf
85,202101477,2022,9,Thomas,Garguilo,https://www1.nyc.gov/assets/ccrb/downloads/pdf/complaints/complaint-outcomes/redacted-departure-letters/202101477_Tax949006_RedactedDepartureLetter.pdf,02/01/2024,202101477_RedactedClosingReport.pdf
84,202101477,2022,9,Matthew,Harrison,https://www1.nyc.gov/assets/ccrb/downloads/pdf/complaints/complaint-outcomes/redacted-departure-letters/202101477_Tax930323_RedactedDepartureLetter.pdf,02/01/2024,202101477_RedactedClosingReport.pdf
86,202101747,2022,9,Jonathan,Grajales,https://www1.nyc.gov/assets/ccrb/downloads/pdf/complaints/complaint-outcomes/redacted-departure-letters/202101747_Tax952807_RedactedDepartureLetter.pdf,02/01/2024,202101747_RedactedClosingReport.pdf
87,202101747,2022,9,Joseph,Sorrentino,https://www1.nyc.gov/assets/ccrb/downloads/pdf/complaints/complaint-outcomes/redacted-departure-letters/202101747_Tax957890_RedactedDepartureLetter.pdf,02/01/2024,202101747_RedactedClosingReport.pdf
88,202101995,2022,9,Pedro,Gomez,https://www1.nyc.gov/assets/ccrb/downloads/pdf/complaints/complaint-outcomes/redacted-departure-letters/202101995_Tax936676_RedactedDepartureLetter.pdf,02/01/2024,202101995_RedactedClosingReport.pdf
83,202102029,2022,10,Michael,Klein,https://www1.nyc.gov/assets/ccrb/downloads/pdf/complaints/complaint-outcomes/redacted-departure-letters/202102029_Tax925811_RedactedDepartureLetter.pdf,02/01/2024,
129,202102464,2022,4,Justin,Venezia,https://www1.nyc.gov/assets/ccrb/downloads/pdf/complaints/complaint-outcomes/redacted-departure-letters/202102464_Tax956316_RedactedDepartureLetter.pdf,02/01/2024,
128,202102464,2022,4,Robert,Zeitoun,https://www1.nyc.gov/assets/ccrb/downloads/pdf/complaints/complaint-outcomes/redacted-departure-letters/202102464_Tax947631_RedactedDepartureLetter.pdf,02/01/2024,
81,202102785,2022,11,Melissa,Clark,https://www1.nyc.gov/assets/ccrb/downloads/pdf/complaints/complaint-outcomes/redacted-departure-letters/202102785_Tax932472_RedactedDepartureLetter.pdf,02/01/2024,202102785_RedactedClosingReport.pdf
69,202102973,2022,12,Quratulain,Chughtai,https://www1.nyc.gov/assets/ccrb/downloads/pdf/complaints/complaint-outcomes/redacted-departure-letters/202102973_Tax964985_RedactedDepartureLetter.pdf,02/01/2024,202102973_RedactedClosingReport.pdf
82,202102983,2022,11,Erick,Clarck,https://www1.nyc.gov/assets/ccrb/downloads/pdf/complaints/complaint-outcomes/redacted-departure-letters/202102983_Tax952593_RedactedDepartureLetter.pdf,02/01/2024,202102983_RedactedClosingReport.pdf
70,202103180,2022,12,Andy,Rampadarat,https://www1.nyc.gov/assets/ccrb/downloads/pdf/complaints/complaint-outcomes/redacted-departure-letters/202103180_Tax967657_RedactedDepartureLetter.pdf,02/01/2024,202103180_RedactedClosingReport.pdf
50,202103282,2023,1,Yorkt,Peraltadeljesus,https://www1.nyc.gov/assets/ccrb/downloads/pdf/complaints/complaint-outcomes/redacted-departure-letters/202103282_Tax967645_RedactedDepartureLetter.pdf,02/01/2024,202103282_RedactedClosingReport.pdf
89,202103424,2022,9,David,Sansone,https://www1.nyc.gov/assets/ccrb/downloads/pdf/complaints/complaint-outcomes/redacted-departure-letters/202103424_Tax939414_RedactedDepartureLetter.pdf,02/01/2024,
90,202103424,2022,9,Jennifer,Tierney,https://www1.nyc.gov/assets/ccrb/downloads/pdf/complaints/complaint-outcomes/redacted-departure-letters/202103424_Tax949730_RedactedDepartureLetter.pdf,02/01/2024,
71,202103446,2022,12,Arnold,Murphy,https://www1.nyc.gov/assets/ccrb/downloads/pdf/complaints/complaint-outcomes/redacted-departure-letters/202103446_Tax935374_RedactedDepartureLetter.pdf,02/01/2024,202103446_RedactedClosingReport.pdf
72,202103446,2022,12,Jonathan,Niles,https://www1.nyc.gov/assets/ccrb/downloads/pdf/complaints/complaint-outcomes/redacted-departure-letters/202103446_Tax948109_RedactedDepartureLetter.pdf,02/01/2024,202103446_RedactedClosingReport.pdf
73,202103594,2022,12,Genaro,Barreiro,https://www1.nyc.gov/assets/ccrb/downloads/pdf/complaints/complaint-outcomes/redacted-departure-letters/202103594_Tax950050_RedactedDepartureLetter.pdf,02/01/2024,
74,202103662,2022,12,Scott,Mark,https://www1.nyc.gov/assets/ccrb/downloads/pdf/complaints/complaint-outcomes/redacted-departure-letters/202103662_Tax950823_RedactedDepartureLetter.pdf,02/01/2024,202103662_RedactedClosingReport.pdf
75,202103714,2022,12,John,Filippi,https://www1.nyc.gov/assets/ccrb/downloads/pdf/complaints/complaint-outcomes/redacted-departure-letters/202103714_Tax948966_RedactedDepartureLetter.pdf,02/01/2024,202103714_RedactedClosingReport.pdf
51,202103831,2023,1,Jeanette,Rodriguez,https://www1.nyc.gov/assets/ccrb/downloads/pdf/complaints/complaint-outcomes/redacted-departure-letters/202103831_Tax961193_RedactedDepartureLetter.pdf,02/01/2024,
53,202103942,2023,1,Daniel,Davidoff,https://www1.nyc.gov/assets/ccrb/downloads/pdf/complaints/complaint-outcomes/redacted-departure-letters/202103942_Tax961722_RedactedDepartureLetter.pdf,02/01/2024,202103942_RedactedClosingReport.pdf
52,202103942,2023,1,Thomas,Redmond,https://www1.nyc.gov/assets/ccrb/downloads/pdf/complaints/complaint-outcomes/redacted-departure-letters/202103942_Tax948411_RedactedDepartureLetter.pdf,02/01/2024,202103942_RedactedClosingReport.pdf
54,202103980,2023,1,Salvatore,Melore,https://www1.nyc.gov/assets/ccrb/downloads/pdf/complaints/complaint-outcomes/redacted-departure-letters/202103980_Tax952004_RedactedDepartureLetter.pdf,02/01/2024,202103980_RedactedClosingReport.pdf
55,202103980,2023,1,Michael,Welsome,https://www1.nyc.gov/assets/ccrb/downloads/pdf/complaints/complaint-outcomes/redacted-departure-letters/202103980_Tax958168_RedactedDepartureLetter.pdf,02/01/2024,202103980_RedactedClosingReport.pdf
56,202103998,2023,1,Nicholas,Caniglia,https://www1.nyc.gov/assets/ccrb/downloads/pdf/complaints/complaint-outcomes/redacted-departure-letters/202103998_Tax955783_RedactedDepartureLetter.pdf,02/01/2024,202103998_RedactedClosingReport.pdf
57,202103998,2023,1,Erick,Estrada,https://www1.nyc.gov/assets/ccrb/downloads/pdf/complaints/complaint-outcomes/redacted-departure-letters/202103998_Tax967497_RedactedDepartureLetter.pdf,02/01/2024,202103998_RedactedClosingReport.pdf
58,202103998,2023,1,Saul,Rodriguezcarrasco,https://www1.nyc.gov/assets/ccrb/downloads/pdf/complaints/complaint-outcomes/redacted-departure-letters/202103998_Tax967667_RedactedDepartureLetter.pdf,02/01/2024,202103998_RedactedClosingReport.pdf
59,202104241,2023,1,Christophe,Ghee,https://www1.nyc.gov/assets/ccrb/downloads/pdf/complaints/complaint-outcomes/redacted-departure-letters/202104241_Tax944591_RedactedDepartureLetter.pdf,02/01/2024,202104241_RedactedClosingReport.pdf
60,202104241,2023,1,Anthony,Zanfardino,https://www1.nyc.gov/assets/ccrb/downloads/pdf/complaints/complaint-outcomes/redacted-departure-letters/202104241_Tax964848_RedactedDepartureLetter.pdf,02/01/2024,202104241_RedactedClosingReport.pdf
61,202104268,2023,1,Christina,Moncion,https://www1.nyc.gov/assets/ccrb/downloads/pdf/complaints/complaint-outcomes/redacted-departure-letters/202104268_Tax954455_RedactedDepartureLetter.pdf,02/01/2024,202104268_RedactedClosingReport.pdf
62,202104348,2023,1,Cesar,Dorado,https://www1.nyc.gov/assets/ccrb/downloads/pdf/complaints/complaint-outcomes/redacted-departure-letters/202104348_Tax922279_RedactedDepartureLetter.pdf,02/01/2024,202104348_RedactedClosingReport.pdf
48,202104394,2023,2,Elbi,Martinez,https://www1.nyc.gov/assets/ccrb/downloads/pdf/complaints/complaint-outcomes/redacted-departure-letters/202104394_Tax962583_RedactedDepartureLetter.pdf,02/01/2024,202104394_RedactedClosingReport.pdf
63,202104497,2023,1,Daniel,Trentowski,https://www1.nyc.gov/assets/ccrb/downloads/pdf/complaints/complaint-outcomes/redacted-departure-letters/202104497_Tax956305_RedactedDepartureLetter.pdf,02/01/2024,
64,202104584,2023,1,Israel,Alcantara,https://www1.nyc.gov/assets/ccrb/downloads/pdf/complaints/complaint-outcomes/redacted-departure-letters/202104584_Tax952390_RedactedDepartureLetter.pdf,02/01/2024,202104584_RedactedClosingReport.pdf
65,202104584,2023,1,Bianery,Garcia,https://www1.nyc.gov/assets/ccrb/downloads/pdf/complaints/complaint-outcomes/redacted-departure-letters/202104584_Tax965123_RedactedDepartureLetter.pdf,02/01/2024,202104584_RedactedClosingReport.pdf
76,202104737,2022,12,Michael,Collarini,https://www1.nyc.gov/assets/ccrb/downloads/pdf/complaints/complaint-outcomes/redacted-departure-letters/202104737_Tax953767_RedactedDepartureLetter.pdf,02/01/2024,202104737_RedactedClosingReport.pdf
49,202104748,2023,2,Shereen,Summa,https://www1.nyc.gov/assets/ccrb/downloads/pdf/complaints/complaint-outcomes/redacted-departure-letters/202104748_Tax933395_RedactedDepartureLetter.pdf,02/01/2024,202104748_RedactedClosingReport.pdf
77,202104948,2022,12,Gary,Capellan,https://www1.nyc.gov/assets/ccrb/downloads/pdf/complaints/complaint-outcomes/redacted-departure-letters/202104948_Tax950154_RedactedDepartureLetter.pdf,02/01/2024,202104948_RedactedClosingReport.pdf
40,202105030,2023,3,Miguele,Amoresano,https://www1.nyc.gov/assets/ccrb/downloads/pdf/complaints/complaint-outcomes/redacted-departure-letters/202105030_Tax924884_RedactedDepartureLetter.pdf,02/01/2024,202105030_RedactedClosingReport.pdf
41,202105030,2023,3,Jonathan,Korabel,https://www1.nyc.gov/assets/ccrb/downloads/pdf/complaints/complaint-outcomes/redacted-departure-letters/202105030_Tax930498_RedactedDepartureLetter.pdf,02/01/2024,202105030_RedactedClosingReport.pdf
42,202105284,2023,3,Vito,Ingrassia,https://www1.nyc.gov/assets/ccrb/downloads/pdf/complaints/complaint-outcomes/redacted-departure-letters/202105284_Tax960706_RedactedDepartureLetter.pdf,02/01/2024,
43,202105453,2023,3,Fidel,Rosario,https://www1.nyc.gov/assets/ccrb/downloads/pdf/complaints/complaint-outcomes/redacted-departure-letters/202105453_Tax943759_RedactedDepartureLetter.pdf,02/01/2024,202105453_RedactedClosingReport.pdf
78,202105563,2022,12,Aaron,Husbands,https://www1.nyc.gov/assets/ccrb/downloads/pdf/complaints/complaint-outcomes/redacted-departure-letters/202105563_Tax965752_RedactedDepartureLetter.pdf,02/01/2024,202105563_RedactedClosingReport.pdf
44,202105658,2023,3,Oliva,Carvajalhernandez,https://www1.nyc.gov/assets/ccrb/downloads/pdf/complaints/complaint-outcomes/redacted-departure-letters/202105658_Tax938182_RedactedDepartureLetter.pdf,02/01/2024,
45,202105666,2023,3,Christopher,Cohen,https://www1.nyc.gov/assets/ccrb/downloads/pdf/complaints/complaint-outcomes/redacted-departure-letters/202105666_Tax967818_RedactedDepartureLetter.pdf,02/01/2024,202105666_RedactedClosingReport.pdf
35,202105905,2023,4,Kenneth,Granshaw,https://www1.nyc.gov/assets/ccrb/downloads/pdf/complaints/complaint-outcomes/redacted-departure-letters/202105905_Tax936693_RedactedDepartureLetter.pdf,02/01/2024,202105905_RedactedClosingReport.pdf
36,202105999,2023,4,Stephanie,Vacchio,https://www1.nyc.gov/assets/ccrb/downloads/pdf/complaints/complaint-outcomes/redacted-departure-letters/202105999_Tax953511_RedactedDepartureLetter.pdf,02/01/2024,202105999_RedactedClosingReport.pdf
46,202106132,2023,3,Thomas,Redmond,https://www1.nyc.gov/assets/ccrb/downloads/pdf/complaints/complaint-outcomes/redacted-departure-letters/202106132_Tax948411_RedactedDepartureLetter.pdf,02/01/2024,202106132_RedactedClosingReport.pdf
47,202106173,2023,3,Carlos,Ponce,https://www1.nyc.gov/assets/ccrb/downloads/pdf/complaints/complaint-outcomes/redacted-departure-letters/202106173_Tax953263_RedactedDepartureLetter.pdf,02/01/2024,202106173_RedactedClosingReport.pdf
66,202106288,2023,1,David,Guzman,https://www1.nyc.gov/assets/ccrb/downloads/pdf/complaints/complaint-outcomes/redacted-departure-letters/202106288_Tax961803_RedactedDepartureLetter.pdf,02/01/2024,202106288_RedactedClosingReport.pdf
67,202106288,2023,1,Genesis,Perezvilomar,https://www1.nyc.gov/assets/ccrb/downloads/pdf/complaints/complaint-outcomes/redacted-departure-letters/202106288_Tax965410_RedactedDepartureLetter.pdf,02/01/2024,202106288_RedactedClosingReport.pdf
37,202106307,2023,4,Arthur,Sturman,https://www1.nyc.gov/assets/ccrb/downloads/pdf/complaints/complaint-outcomes/redacted-departure-letters/202106307_Tax961336_RedactedDepartureLetter.pdf,02/01/2024,
68,202106374,2023,1,Christopher,Schmidt,https://www1.nyc.gov/assets/ccrb/downloads/pdf/complaints/complaint-outcomes/redacted-departure-letters/202106374_Tax907284_RedactedDepartureLetter.pdf,02/01/2024,202106374_RedactedClosingReport.pdf
38,202106608,2023,4,Patrick,Chilton,https://www1.nyc.gov/assets/ccrb/downloads/pdf/complaints/complaint-outcomes/redacted-departure-letters/202106608_Tax938221_RedactedDepartureLetter.pdf,02/01/2024,202106608_RedactedClosingReport.pdf
31,202106922,2023,5,Melvin,Balbuena,https://www1.nyc.gov/assets/ccrb/downloads/pdf/complaints/complaint-outcomes/redacted-departure-letters/202106922_Tax953656_RedactedDepartureLetter.pdf,02/01/2024,202106922_RedactedClosingReport.pdf
32,202106922,2023,5,Nestor,Lozano,https://www1.nyc.gov/assets/ccrb/downloads/pdf/complaints/complaint-outcomes/redacted-departure-letters/202106922_Tax958843_RedactedDepartureLetter.pdf,02/01/2024,202106922_RedactedClosingReport.pdf
26,202107012,2023,6,Vito,Andreani,https://www1.nyc.gov/assets/ccrb/downloads/pdf/complaints/complaint-outcomes/redacted-departure-letters/202107012_Tax967752_RedactedDepartureLetter.pdf,02/01/2024,202107012_RedactedClosingReport.pdf
25,202107012,2023,6,Sean,Costigan,https://www1.nyc.gov/assets/ccrb/downloads/pdf/complaints/complaint-outcomes/redacted-departure-letters/202107012_Tax932494_RedactedDepartureLetter.pdf,02/01/2024,202107012_RedactedClosingReport.pdf
34,202107188,2023,5,Arun,Arora,https://www1.nyc.gov/assets/ccrb/downloads/pdf/complaints/complaint-outcomes/redacted-departure-letters/202107188_Tax962223_RedactedDepartureLetter.pdf,02/01/2024,202107188_RedactedClosingReport.pdf
33,202107188,2023,5,Marlon,Castro,https://www1.nyc.gov/assets/ccrb/downloads/pdf/complaints/complaint-outcomes/redacted-departure-letters/202107188_Tax960342_RedactedDepartureLetter.pdf,02/01/2024,202107188_RedactedClosingReport.pdf
27,202107379,2023,6,Adam,Rossi,https://www1.nyc.gov/assets/ccrb/downloads/pdf/complaints/complaint-outcomes/redacted-departure-letters/202107379_Tax965483_RedactedDepartureLetter.pdf,02/01/2024,202107379_RedactedClosingReport.pdf
28,202107674,2023,6,Nathaniel,Marcellus,https://www1.nyc.gov/assets/ccrb/downloads/pdf/complaints/complaint-outcomes/redacted-departure-letters/202107674_Tax968601_RedactedDepartureLetter.pdf,02/01/2024,
29,202107676,2023,6,Khrishan,Jainaraine,https://www1.nyc.gov/assets/ccrb/downloads/pdf/complaints/complaint-outcomes/redacted-departure-letters/202107676_Tax960718_RedactedDepartureLetter.pdf,02/01/2024,
39,202200292,2023,4,Sherlon,Cromwell,https://www1.nyc.gov/assets/ccrb/downloads/pdf/complaints/complaint-outcomes/redacted-departure-letters/202200292_Tax943116_RedactedDepartureLetter.pdf,02/01/2024,202200292_RedactedClosingReport.pdf
22,202200430,2023,8,Anthony,Torres,https://www1.nyc.gov/assets/ccrb/downloads/pdf/complaints/complaint-outcomes/redacted-departure-letters/202200430_Tax936087_RedactedDepartureLetter.pdf,02/01/2024,202200430_RedactedClosingReport.pdf
15,202200949,2023,9,Bryant,Harinarain,https://www1.nyc.gov/assets/ccrb/downloads/pdf/complaints/complaint-outcomes/redacted-departure-letters/202200949_Tax943352_RedactedDepartureLetter.pdf,02/01/2024,202200949_RedactedClosingReport.pdf
23,202200991,2023,8,Conrade,Joseph,https://www1.nyc.gov/assets/ccrb/downloads/pdf/complaints/complaint-outcomes/redacted-departure-letters/202200991_Tax969832_RedactedDepartureLetter.pdf,02/01/2024,202200991_RedactedClosingReport.pdf
24,202201741,2023,8,Jorge,Flores,https://www1.nyc.gov/assets/ccrb/downloads/pdf/complaints/complaint-outcomes/redacted-departure-letters/202201741_Tax954816_RedactedDepartureLetter.pdf,02/01/2024,202201741_RedactedClosingReport.pdf
16,202201968,2023,9,Daniel,Cody,https://www1.nyc.gov/assets/ccrb/downloads/pdf/complaints/complaint-outcomes/redacted-departure-letters/202201968_Tax954648_RedactedDepartureLetter.pdf,02/01/2024,202201968_RedactedClosingReport.pdf
17,202202133,2023,9,Avery,Jennings,https://www1.nyc.gov/assets/ccrb/downloads/pdf/complaints/complaint-outcomes/redacted-departure-letters/202202133_Tax944092_RedactedDepartureLetter.pdf,02/01/2024,202202133_RedactedClosingReport.pdf
19,202202133,2023,9,Donte,Perez,https://www1.nyc.gov/assets/ccrb/downloads/pdf/complaints/complaint-outcomes/redacted-departure-letters/202202133_Tax970073_RedactedDepartureLetter.pdf,02/01/2024,202202133_RedactedClosingReport.pdf
20,202202133,2023,9,Jennifer,Ramirez,https://www1.nyc.gov/assets/ccrb/downloads/pdf/complaints/complaint-outcomes/redacted-departure-letters/202202133_Tax970115_RedactedDepartureLetter.pdf,02/01/2024,202202133_RedactedClosingReport.pdf
18,202202133,2023,9,Joseph,Sheridan,https://www1.nyc.gov/assets/ccrb/downloads/pdf/complaints/complaint-outcomes/redacted-departure-letters/202202133_Tax968802_RedactedDepartureLetter.pdf,02/01/2024,202202133_RedactedClosingReport.pdf
9,202202141,2023,10,Marco,Libongco,https://www1.nyc.gov/assets/ccrb/downloads/pdf/complaints/complaint-outcomes/redacted-departure-letters/202202141_Tax938858_RedactedDepartureLetter.pdf,02/01/2024,202202141_RedactedClosingReport.pdf
10,202202202,2023,10,Carmelo,Colon,https://www1.nyc.gov/assets/ccrb/downloads/pdf/complaints/complaint-outcomes/redacted-departure-letters/202202202_Tax967457_RedactedDepartureLetter.pdf,02/01/2024,202202202_RedactedClosingReport.pdf
21,202202293,2023,9,Robert,Luckmann,https://www1.nyc.gov/assets/ccrb/downloads/pdf/complaints/complaint-outcomes/redacted-departure-letters/202202293_Tax945934_RedactedDepartureLetter.pdf,02/01/2024,202202293_RedactedClosingReport.pdf
11,202202350,2023,10,Antonio,Meyers,https://www1.nyc.gov/assets/ccrb/downloads/pdf/complaints/complaint-outcomes/redacted-departure-letters/202202350_Tax966715_RedactedDepartureLetter.pdf,02/01/2024,202202350_RedactedClosingReport.pdf
12,202202356,2023,10,Yesmelin,Reyes,https://www1.nyc.gov/assets/ccrb/downloads/pdf/complaints/complaint-outcomes/redacted-departure-letters/202202356_Tax968090_RedactedDepartureLetter.pdf,02/01/2024,
13,202202413,2023,10,Andres,Uribe,https://www1.nyc.gov/assets/ccrb/downloads/pdf/complaints/complaint-outcomes/redacted-departure-letters/202202413_Tax964325_RedactedDepartureLetter.pdf,02/01/2024,202202413_RedactedClosingReport.pdf
14,202202775,2023,10,Mark,Kistoo,https://www1.nyc.gov/assets/ccrb/downloads/pdf/complaints/complaint-outcomes/redacted-departure-letters/202202775_Tax943444_RedactedDepartureLetter.pdf,02/01/2024,202202775_RedactedClosingReport.pdf
4,202202837,2023,11,Derek,Sambolin,https://www1.nyc.gov/assets/ccrb/downloads/pdf/complaints/complaint-outcomes/redacted-departure-letters/202202837_Tax943771_RedactedDepartureLetter.pdf,02/01/2024,202202837_RedactedClosingReport.pdf
5,202202968,2023,11,Danny,Aguilar,https://www1.nyc.gov/assets/ccrb/downloads/pdf/complaints/complaint-outcomes/redacted-departure-letters/202202968_Tax941319_RedactedDepartureLetter.pdf,02/01/2024,
6,202203051,2023,11,Sean,Claxton,https://www1.nyc.gov/assets/ccrb/downloads/pdf/complaints/complaint-outcomes/redacted-departure-letters/202203051_Tax943092_RedactedDepartureLetter.pdf,02/01/2024,202203051_RedactedClosingReport.pdf
7,202203275,2023,11,Sun,Hu,https://www1.nyc.gov/assets/ccrb/downloads/pdf/complaints/complaint-outcomes/redacted-departure-letters/202203275_Tax956744_RedactedDepartureLetter.pdf,02/01/2024,202203275_RedactedClosingReport.pdf
8,202203431,2023,11,Alberto,Jimenez,https://www1.nyc.gov/assets/ccrb/downloads/pdf/complaints/complaint-outcomes/redacted-departure-letters/202203431_Tax935069_RedactedDepartureLetter.pdf,02/01/2024,202203431_RedactedClosingReport.pdf
1,202203788,2023,12,Olga,Bentin,https://www1.nyc.gov/assets/ccrb/downloads/pdf/complaints/complaint-outcomes/redacted-departure-letters/202203788_Tax968962_RedactedDepartureLetter.pdf,02/01/2024,202203788_RedactedClosingReport.pdf
2,202204266,2023,12,Michael,Delia,https://www1.nyc.gov/assets/ccrb/downloads/pdf/complaints/complaint-outcomes/redacted-departure-letters/202204266_Tax963953_RedactedDepartureLetter.pdf,02/01/2024,202204266_RedactedClosingReport.pdf
3,202204404,2023,12,Marc,Pierre,https://www1.nyc.gov/assets/ccrb/downloads/pdf/complaints/complaint-outcomes/redacted-departure-letters/202204404_Tax970773_RedactedDepartureLetter.pdf,02/01/2024,202204404_RedactedClosingReport.pdf
